,HCHO reading,PRCP,TAVG,TMAX,TMIN,Population,population_density,carbon_monoxide,nitogen_dioxide,ozone,new_covid_patients,total_covid_patients,lockdown_status,covid_range_status
HCHO reading,1.0,-0.09388250141549866,-0.05677021646841152,0.3376121683979972,-0.23511864769337676,-0.05960291647144949,-0.05960841302811474,0.5482242355302313,0.5167733733986019,-0.35356207683971547,-0.06719525831788693,-0.06967356673813728,-0.058337975298723956,0.0028436664519878854
