,HCHO reading,PRCP,TAVG,TMAX,TMIN,Population,population_density,carbon_monoxide,nitogen_dioxide,ozone,new_covid_patients,total_covid_patients,lockdown_status,covid_range_status
HCHO reading,1.0,-0.030000259689592332,0.27364876376057934,0.277234259360957,0.23136775279010882,-0.02304316354982348,-0.023053246513264587,0.0048400426090179334,0.069344827297954,0.20425679829165067,-0.08557073887450696,-0.019135305207145806,0.024782598187079015,-0.04162177230568833
