,HCHO reading,PRCP,TAVG,TMAX,TMIN,Population,population_density,carbon_monoxide,nitogen_dioxide,ozone,new_covid_patients,total_covid_patients,lockdown_status,covid_range_status
HCHO reading,1.0,-0.023929477830443663,0.16229789589957072,0.24844387140891905,-0.04474375916402787,-0.05611157433400484,-0.05612349608988158,0.18601619639969172,0.11409895433915172,-0.01481373763252434,-0.07854185291891783,-0.04631774757389619,-0.028364197700590003,-0.023183751502964537
