,HCHO reading,PRCP,TAVG,TMAX,TMIN,Population,population_density,carbon_monoxide,nitogen_dioxide,ozone,new_covid_patients,total_covid_patients,lockdown_status,covid_range_status
HCHO reading,1.0,-0.020174733669824512,0.17456789430545314,0.3423877193006338,-0.09533395129816206,-0.03751407473653911,-0.037528085802363526,0.27686442196143485,0.007006097635525544,-0.07519413509894815,-0.05751836351506261,-0.07425777507664817,0.03713875275195076,0.018256820571069064
