,HCHO reading,PRCP,TAVG,TMAX,TMIN,Population,population_density,carbon_monoxide,nitogen_dioxide,ozone,new_covid_patients,total_covid_patients,lockdown_status,covid_range_status
HCHO reading,1.0,-0.03323094004922175,0.08276128892366409,0.1777493811657664,-0.06309019603521729,-0.053554410481291934,-0.0535544104812819,0.24822170469489352,0.15542283542555604,-0.08925725718048579,-0.12408617687022626,-0.055990337336256746,-0.032355447752845615,0.01216060932220625
