,HCHO reading,PRCP,TAVG,TMAX,TMIN,Population,population_density,carbon_monoxide,nitogen_dioxide,ozone,new_covid_patients,total_covid_patients,lockdown_status,covid_range_status
HCHO reading,1.0,-0.045411770701102354,0.3743565975652266,0.35782800767060524,0.2751802435046314,0.055737775098327745,0.05561796584666811,-0.30268439909164546,0.11027221757633104,0.4079337759602347,0.03796197727078146,0.07091566651053649,0.039215148757965244,-0.04979489219653586
