,HCHO reading,PRCP,TAVG,TMAX,TMIN,Population,population_density,carbon_monoxide,nitogen_dioxide,ozone,new_covid_patients,total_covid_patients,lockdown_status,covid_range_status
HCHO reading,1.0,-0.025233557075351316,0.029537188480050297,0.15301399376470606,-0.13930115668695123,-0.033460950818987215,-0.033470409472918614,0.14295571006289165,0.09996433580214793,-0.030130517164575703,-0.06909612598762804,-0.05553297040363175,-0.03433934718442027,-0.01907847703958485
